precision,recall,f1
0.2748215319313139,0.4083013243134782,0.32852068822362657
